{"initial_reset_timestamp": 1565702023.7227416, "timestamps": [1565702033.2312071, 1565702040.2735503, 1565702046.2666473, 1565702051.2759392, 1565702057.6941757, 1565702063.3242571, 1565702069.5178473, 1565702075.500824, 1565702082.3031318, 1565702088.8122752, 1565702095.2614748, 1565702101.0240798, 1565702107.3402512, 1565702113.6063895, 1565702118.7366722, 1565702124.66358, 1565702131.6293778, 1565702138.1502922, 1565702145.2490137, 1565702151.6024878, 1565702160.6112201, 1565702168.4479163, 1565702176.6439843, 1565702184.6631446, 1565702190.6358688, 1565702197.6284902, 1565702203.9455056, 1565702212.420795, 1565702218.3115523, 1565702226.0930278, 1565702237.8456812, 1565702249.6112082, 1565702257.7124527, 1565702269.8384109, 1565702279.8346398, 1565702293.5067754, 1565702307.3659298, 1565702321.8547003, 1565702335.0492735, 1565702347.9443798, 1565702362.4904125, 1565702377.8365195, 1565702397.7055063, 1565702410.305213, 1565702423.5154605, 1565702439.3675213, 1565702458.4674587, 1565702476.9757326, 1565702490.2181475, 1565702508.6188567, 1565702527.2710438, 1565702540.5247216, 1565702556.1424458, 1565702571.8304064, 1565702588.3988416, 1565702604.785497, 1565702620.5916057, 1565702635.227041, 1565702655.7121246, 1565702667.3330095, 1565702682.4031615, 1565702701.265172, 1565702713.8115098, 1565702729.2242434, 1565702748.2708404, 1565702770.7600121, 1565702790.220904, 1565702801.2864676, 1565702813.2150567, 1565702830.0404174, 1565702846.6921935, 1565702868.0067997, 1565702881.3211641, 1565702894.7733383, 1565702914.5969994, 1565702937.4217293, 1565702960.3762426, 1565702973.4367118, 1565702990.962943, 1565703005.7147458, 1565703024.2280123, 1565703045.3995476, 1565703067.6483817, 1565703088.3810272, 1565703108.4220884, 1565703128.0585487, 1565703152.864348, 1565703168.2451677, 1565703193.074037, 1565703206.8919988, 1565703229.0520911, 1565703243.4882147, 1565703261.721855, 1565703286.5552502, 1565703299.2132883, 1565703319.7798803, 1565703338.5472178, 1565703354.5390441, 1565703367.5865338, 1565703386.0660975, 1565703408.188464, 1565703424.4601977, 1565703441.1646936, 1565703457.0975766, 1565703480.8463926, 1565703502.8920612, 1565703517.051766, 1565703533.936536, 1565703548.9247108, 1565703571.7463703, 1565703590.5962944, 1565703609.2030807, 1565703631.2365458, 1565703649.7017965, 1565703670.4933555, 1565703692.5940254, 1565703715.7766485, 1565703738.1604795, 1565703759.5871737, 1565703784.9048038, 1565703804.95519, 1565703820.0531285, 1565703837.537898, 1565703861.7042935, 1565703882.695747, 1565703905.9750059, 1565703923.013185, 1565703939.5945537, 1565703961.677599, 1565703982.2220201, 1565704002.7345722, 1565704019.0002196, 1565704036.5866725, 1565704058.319429, 1565704086.963331, 1565704108.6524756, 1565704129.6020215, 1565704146.3941832, 1565704171.3260849, 1565704200.7475371, 1565704225.8571763, 1565704244.6884234, 1565704270.36787, 1565704297.4916012, 1565704318.0942092, 1565704339.0672681, 1565704365.106082, 1565704383.1581738, 1565704402.3376477, 1565704421.2755563, 1565704446.0935886, 1565704474.6348746, 1565704496.1628795, 1565704511.30057, 1565704537.1718524, 1565704558.934016, 1565704582.7544594, 1565704595.4239795, 1565704617.4232793, 1565704636.9237776, 1565704660.0780256, 1565704674.907501, 1565704695.5032897, 1565704718.0898392, 1565704745.4783828, 1565704768.7351441, 1565704786.132507, 1565704808.4584613, 1565704827.0180607, 1565704849.4210932, 1565704872.5819263, 1565704884.8208504, 1565704897.560214, 1565704915.2171466, 1565704929.4651468, 1565704945.9877226, 1565704969.1257274, 1565704986.7211032, 1565705006.316978, 1565705022.512751, 1565705054.46849, 1565705077.6897635, 1565705098.3823304, 1565705116.0757365, 1565705131.4580884, 1565705146.4522083, 1565705163.00242, 1565705178.5700076, 1565705198.869975, 1565705225.7002332, 1565705246.4351554, 1565705274.7197647, 1565705299.5970676, 1565705327.4135697, 1565705355.7107654, 1565705376.4816933, 1565705393.2400653, 1565705408.831056, 1565705423.055904, 1565705446.9194496, 1565705473.6019368, 1565705499.0503285, 1565705512.0246015, 1565705531.5761652, 1565705552.162143, 1565705567.4094937, 1565705581.047869, 1565705597.9840128, 1565705620.9337616, 1565705634.3070993, 1565705647.758227, 1565705660.4481792, 1565705675.9708946, 1565705692.5241096, 1565705723.7051573, 1565705751.1770391, 1565705763.9153655, 1565705787.9261942, 1565705815.3733952, 1565705833.2365308, 1565705847.1976085, 1565705861.37755, 1565705888.7329328, 1565705910.4192383, 1565705924.2514007, 1565705937.732382, 1565705962.1023064, 1565705991.9048011, 1565706015.6518943, 1565706042.580266, 1565706074.3035567, 1565706088.9901195, 1565706103.8286567, 1565706130.7332084, 1565706146.1541278, 1565706170.6148548, 1565706203.2671556, 1565706230.1451907, 1565706244.3343382, 1565706268.7856863, 1565706284.2555223, 1565706301.844088, 1565706333.9607117, 1565706346.9790757, 1565706372.3799887, 1565706386.1910548, 1565706413.786411, 1565706438.0078084, 1565706465.8471532, 1565706478.8298397, 1565706508.883821, 1565706521.3257113, 1565706547.0173512, 1565706559.3482552, 1565706585.6387112, 1565706599.5720613, 1565706626.9754934, 1565706647.5886607, 1565706669.5550313, 1565706682.955039, 1565706711.5866199, 1565706729.458066, 1565706750.2893047, 1565706766.2370245, 1565706785.598278, 1565706802.7480774, 1565706824.6830664, 1565706843.2554684, 1565706856.517456, 1565706869.297992, 1565706891.7659864, 1565706924.001681, 1565706951.116506, 1565706971.1056216, 1565706991.8595562, 1565707010.9286654, 1565707025.3617918, 1565707048.9884443, 1565707069.3016727, 1565707090.466497, 1565707114.7737365, 1565707131.7767754, 1565707153.755744, 1565707173.7622898, 1565707193.6458647, 1565707218.0289834, 1565707247.6361263, 1565707268.165088, 1565707289.5432308, 1565707311.6173627, 1565707333.3563287, 1565707351.4113288, 1565707365.9702375, 1565707391.1394632, 1565707412.7816417, 1565707426.4629395, 1565707440.3243015, 1565707461.6406379, 1565707483.7195039, 1565707505.027327, 1565707529.5026305, 1565707544.8244126, 1565707564.9198563, 1565707587.2966802, 1565707608.3271537, 1565707632.691092, 1565707652.6307647, 1565707669.9265285, 1565707689.4022148, 1565707708.5884774, 1565707730.4384406, 1565707757.717813, 1565707777.493969, 1565707788.8727918, 1565707808.306336, 1565707822.3541856, 1565707837.1631958, 1565707855.4265218, 1565707868.6830988, 1565707887.834329, 1565707906.6077855, 1565707921.1445365, 1565707936.1331048, 1565707956.8064387, 1565707972.8980184, 1565707994.382153, 1565708012.7187474, 1565708029.9849622, 1565708046.012126, 1565708063.4324155, 1565708079.6947167, 1565708098.0248926, 1565708118.520355, 1565708141.453374, 1565708158.39705, 1565708175.3380907, 1565708190.105444, 1565708207.7048762, 1565708219.2195606, 1565708232.3596866, 1565708253.74677, 1565708274.3175855, 1565708289.9252906, 1565708309.724062, 1565708326.8005714, 1565708348.2590318, 1565708365.0328748, 1565708379.9686503, 1565708393.1613712, 1565708413.0087204, 1565708426.9931252, 1565708442.3591795, 1565708459.018543, 1565708471.6917531, 1565708490.0468614, 1565708505.15922, 1565708526.6348732, 1565708556.3852417, 1565708570.9247646, 1565708592.808713, 1565708610.2775393, 1565708626.6079533, 1565708649.5732937, 1565708668.2586248, 1565708682.270615, 1565708705.116234, 1565708725.3289895, 1565708736.5125804, 1565708752.8057642, 1565708773.7638636, 1565708789.422763, 1565708807.712279, 1565708826.7480605, 1565708839.3811748, 1565708857.2798367, 1565708879.1399238, 1565708898.950828, 1565708912.7350214, 1565708932.1326163, 1565708950.3082242, 1565708968.3660524, 1565708985.5445154, 1565709008.3071961, 1565709022.8901212, 1565709041.798646, 1565709057.858847, 1565709074.5797255, 1565709089.0046775, 1565709107.1818151, 1565709127.1945627, 1565709144.8972073, 1565709159.8023288, 1565709180.4944649, 1565709196.5887294, 1565709212.5166593, 1565709231.25685, 1565709249.1304765, 1565709267.4568465, 1565709282.5356216, 1565709300.8914351, 1565709324.1468728, 