{"initial_reset_timestamp": 1565714882.8855882, "timestamps": [1565714890.015793, 1565714898.0513642, 1565714903.6595745, 1565714909.9894679, 1565714915.862667, 1565714923.783359, 1565714930.0571105, 1565714938.043953, 1565714944.4010656, 1565714952.3917706, 1565714958.1502337, 1565714965.0705535, 1565714972.004477, 1565714979.7281199, 1565714986.2419856, 1565714992.0896502, 1565714998.4429767, 1565715005.4800029, 1565715012.0892901, 1565715018.8192027, 1565715025.7860181], "episode_lengths": [973, 1120, 820, 864, 834, 997, 761, 958, 858, 1095, 829, 985, 998, 1109, 925, 821, 837, 983, 926, 941, 893], "episode_rewards": [-20.0, -20.0, -21.0, -21.0, -20.0, -18.0, -21.0, -19.0, -20.0, -18.0, -20.0, -20.0, -19.0, -17.0, -20.0, -21.0, -21.0, -20.0, -20.0, -21.0, -20.0], "episode_types": ["t", "t", "t", "t", "t", "t", "t", "t", "t", "t", "t", "t", "t", "t", "t", "t", "t", "t", "t", "t", "t"]}